graph,policy,n_seeds,lambda2_mean,lambda2_std,tau_eps_mean,tau_eps_std,rate_mean,rate_std,cost_mean,cost_std
erdos_renyi,degree_prop,25,0.9290036687244575,0.26372621875318913,12.52,4.655820729653008,0.8609037468101564,0.020554797217296944,42.56352965010665,3.55773049185886
erdos_renyi,metropolis,25,0.16697439289160618,0.03283461776694563,10.28,2.3895606290697042,0.8520744448216283,0.0032007159203408454,6.888253968253968,0.18700938022848146
erdos_renyi,ppo,25,0.982422720092052,0.2539139626642468,10.16,1.9510680835549197,0.8512236111790732,0.0037324326961742254,33.289568020030856,3.048970746389208
erdos_renyi,uniform,25,1.129608725659787,0.2918612664521092,10.96,3.2593455375785694,0.8547509856004547,0.007317164091508987,46.0,3.8188130791298667
