graph,policy,n_seeds,lambda2_mean,lambda2_std,tau_eps_mean,tau_eps_std,rate_mean,rate_std,cost_mean,cost_std
erdos_renyi,degree_prop,25,0.5123955498823843,0.12392260640811747,14.64,6.707458535093601,0.8667652369050478,0.02890169177781666,25.0,1.4503892858778862e-15
erdos_renyi,metropolis,25,0.16697439289160618,0.03283461776694563,10.28,2.3895606290697042,0.8520744448216283,0.0032007159203408454,6.888253968253968,0.18700938022848146
erdos_renyi,ppo,25,0.7952164954407791,0.14597567316523113,10.04,1.859211302317912,0.8520709995052577,0.003258964503819496,24.990739612001928,0.018902687846229886
erdos_renyi,uniform,25,0.6066157124490376,0.11910971257050414,10.96,3.2593455375785694,0.853867262556505,0.00821899194600603,25.0,2.2932668186396043e-15
